<?xml version="1.0" encoding="UTF-8" standalone="no"?>
<jbi xmlns="http://java.sun.com/xml/ns/jbi" xmlns:ns0="http://enterprise.netbeans.org/bpel/BpelModule02/bpelModule02" xmlns:ns1="http://rs.udc.es/crm" xmlns:ns2="http://rs.udc.es/reward" xmlns:ns3="http://rs.udc.es/delivery" xmlns:ns4="http://j2ee.netbeans.org/wsdl/BpelModule02/src/ClientService" xmlns:ns5="http://j2ee.netbeans.org/wsdl/BpelModule02/src/NoticeShipmentStarted" xmlns:ns6="http://j2ee.netbeans.org/wsdl/BpelModule02/src/NoticeShipmentFinish" xmlns:ns7="http://www.sun.com/jbi/descriptor/service-unit" version="1.0">
    <services binding-component="false">
        <provides endpoint-name="ClientServicePortTypeRole_myRole" interface-name="ns4:ClientServicePortType" service-name="ns0:Client">
            <ns7:display-name>Client</ns7:display-name>
            <ns7:process-name>bpelModule02</ns7:process-name>
            <ns7:file-path>bpelModule02.bpel</ns7:file-path>
        </provides>
        <provides endpoint-name="NoticeShipmentStartedPortTypeRole_myRole" interface-name="ns5:NoticeShipmentStartedPortType" service-name="ns0:NoticeStarted">
            <ns7:display-name>NoticeStarted</ns7:display-name>
            <ns7:process-name>bpelModule02</ns7:process-name>
            <ns7:file-path>bpelModule02.bpel</ns7:file-path>
        </provides>
        <provides endpoint-name="NoticeShipmentFinishPortTypeRole_myRole" interface-name="ns6:NoticeShipmentFinishPortType" service-name="ns0:NoticeFinish">
            <ns7:display-name>NoticeFinish</ns7:display-name>
            <ns7:process-name>bpelModule02</ns7:process-name>
            <ns7:file-path>bpelModule02.bpel</ns7:file-path>
        </provides>
        <consumes endpoint-name="CrmProviderRole_partnerRole" interface-name="ns1:CrmProvider" service-name="ns0:CrmService">
            <ns7:display-name>CrmService</ns7:display-name>
            <ns7:process-name>bpelModule02</ns7:process-name>
            <ns7:file-path>bpelModule02.bpel</ns7:file-path>
        </consumes>
        <consumes endpoint-name="RewardProviderRole_partnerRole" interface-name="ns2:RewardProvider" service-name="ns0:RewardService">
            <ns7:display-name>RewardService</ns7:display-name>
            <ns7:process-name>bpelModule02</ns7:process-name>
            <ns7:file-path>bpelModule02.bpel</ns7:file-path>
        </consumes>
        <consumes endpoint-name="DeliveryProviderRole_partnerRole" interface-name="ns3:DeliveryProvider" service-name="ns0:DeliveryService">
            <ns7:display-name>DeliveryService</ns7:display-name>
            <ns7:process-name>bpelModule02</ns7:process-name>
            <ns7:file-path>bpelModule02.bpel</ns7:file-path>
        </consumes>
    </services>
</jbi>
