<?xml version="1.0" encoding="UTF-8" standalone="no"?>
<jbi xmlns="http://java.sun.com/xml/ns/jbi" xmlns:ns1="http://enterprise.netbeans.org/bpel/BpelModule02/bpelModule02" xmlns:ns2="http://rs.udc.es/delivery" xmlns:ns3="http://rs.udc.es/crm" xmlns:ns4="CA02" xmlns:ns5="http://rs.udc.es/reward" xmlns:ns6="http://j2ee.netbeans.org/wsdl/BpelModule02/src/ClientService" xmlns:ns7="http://j2ee.netbeans.org/wsdl/BpelModule02/src/NoticeShipmentStarted" xmlns:ns8="http://j2ee.netbeans.org/wsdl/BpelModule02/src/NoticeShipmentFinish" version="1.0">
    <services binding-component="true">
        <provides endpoint-name="DeliveryProviderPort" interface-name="ns2:DeliveryProvider" service-name="ns2:DeliveryProviderService"/>
        <provides endpoint-name="CrmProviderPort" interface-name="ns3:CrmProvider" service-name="ns3:CrmProviderService"/>
        <provides endpoint-name="RewardProviderPort" interface-name="ns5:RewardProvider" service-name="ns5:RewardProviderService"/>
        <consumes endpoint-name="NoticeFinishShipment" interface-name="ns8:NoticeShipmentFinishPortType" service-name="ns4:CA02Service3"/>
        <consumes endpoint-name="NoticeStartShipment" interface-name="ns7:NoticeShipmentStartedPortType" service-name="ns4:CA02Service2"/>
        <consumes endpoint-name="ClientService" interface-name="ns6:ClientServicePortType" service-name="ns4:CA02Service1"/>
    </services>
</jbi>
